epoch,train_loss,train_acc,test_loss,test_acc
30,0.15161200301647187,94.482,1.5945526036262512,71.3
31,0.14315845694720744,94.826,1.6517874086380004,71.3
