epoch,train_loss,train_acc,test_loss,test_acc
0,1.488888724822998,45.4,1.1289820476531982,60.48
1,1.096235124092102,62.562,0.965493532371521,65.31
